{
    "data": {
        "Forensics": [
            {
                "category": "Forensics", 
                "description": "Who knew keyboards made packets??", 
                "files": [
                    "/files/fdeae64a9230e4633fe026db3f3f53b3/chall.pcapng?token=eyJ1c2VyX2lkIjo3MDEsInRlYW1faWQiOjQ4MSwiZmlsZV9pZCI6MTR9.ZOkhpQ.yN5vbA_2IIVu--UUmkAvLsHXLBk"
                ], 
                "hints": [
                    "-"
                ], 
                "id": 7, 
                "name": "comms", 
                "points": 45, 
                "service": [], 
                "solves": 12
            }, 
            {
                "category": "Forensics", 
                "description": "iPhone >>>>>>>>> Android", 
                "files": [], 
                "hints": [
                    "-"
                ], 
                "id": 6, 
                "name": "Supply Chain", 
                "points": 300, 
                "service": "https://drive.google.com/file/d/1bXTehr2f6wWg2WSlAVfEHDUSu9OQs8Nb/view?usp=sharing", 
                "solves": 1
            }, 
            {
                "category": "Forensics", 
                "description": "A GIF masterpiece that my sister was crafting. However, a mischievous hamster named Hamker sneaked in and disrupted the process, altering the GIF's fundamental structure and adding a few extra frames. Remember, the key to success lies in understanding the base of the problem. ", 
                "files": [], 
                "hints": [
                    "-"
                ], 
                "id": 15, 
                "name": "always painted, never gifted", 
                "points": 50, 
                "service": "https://drive.google.com/file/d/1AhFLDLlocZqWef3pdkbNkqYkWN-F_FNB/view?usp=sharing", 
                "solves": 44
            }, 
            {
                "category": "Forensics", 
                "description": "ESYA industries were caught in a scandal, and were trying to cover their tracks. But people are the weakest link, someone in the corporation was bought and they bugged the sysadmins system to monitor traffic.\r\n\r\nOur forensic team at d4krc0de put together a script to do some stuff but they think its missing something which they cant get a hold of. Can you help our analysts to find the secret they were hiding?", 
                "files": [
                    "/files/16e0955681abeb9224692463669f6250/script.py?token=eyJ1c2VyX2lkIjo3MDEsInRlYW1faWQiOjQ4MSwiZmlsZV9pZCI6MjF9.ZOkhpg.PGcvqCE9i9bOZyPPdJZFbF2DWvg"
                ], 
                "hints": [
                    "-"
                ], 
                "id": 17, 
                "name": "mole", 
                "points": 300, 
                "service": "https://drive.google.com/file/d/1BIiY1qwg0MwmeHw_DdAUYOkwOdKfKdZN/view?usp=drive_link", 
                "solves": 0
            }
        ], 
        "OSINT  Misc": [
            {
                "category": "OSINT  Misc", 
                "description": "CTFs without jails are boooring, innit?", 
                "files": [
                    "/files/74727aba8a2d33f1f6ad85704719dbe8/pyjail_ez.py?token=eyJ1c2VyX2lkIjo3MDEsInRlYW1faWQiOjQ4MSwiZmlsZV9pZCI6MTl9.ZOkhpg.bpYCnvwViclP72RxQMV5pqX75Ow"
                ], 
                "hints": [
                    "-"
                ], 
                "id": 14, 
                "name": "yet another pyjail", 
                "points": 230, 
                "service": "nc 64.227.131.98 30000", 
                "solves": 15
            }, 
            {
                "category": "OSINT  Misc", 
                "description": "Delve into the virtual realm to uncover the enigmatic online identity of \"`joeymiller9991`\" This intrepid individual, known as Joey Miller, occasionally engages in competitive programming, hailing from the vibrant city of San Francisco, CA. With a penchant for coding and a passion for open source projects, Joey's bio includes, Full-stack Android developer, Open source enthusiast, Coffee lover.\r\n\r\nThere are 19 components to the flag, but only 10 of them are accurate And there numbering is jumbled up \r\n\r\nUnfortunately, a security lapse led to the compromise of the challenge author's system, yielding a windows dump file.\r\nHope you'd use it for good purpose.\r\n\r\nhttps://drive.google.com/file/d/1MCheqz0lHUOylY-x8UWu3tkouYQizF01/view?usp=sharing\r\n\r\n**Flag Format:**  `d4rk{part6part5part4part2}c0de`.", 
                "files": [], 
                "hints": [
                    "-"
                ], 
                "id": 18, 
                "name": "Annonying Innit DUHHHH", 
                "points": 300, 
                "service": "nc 64.227.131.98 30001", 
                "solves": 0
            }, 
            {
                "category": "OSINT  Misc", 
                "description": "Elon Scammers hacked our db and promoted doge coin a lot. Doge to the MOOOOOOOOOOON!!!!", 
                "files": [
                    "/files/ef593244f6a234bb8978fc86038580bf/image.jpg?token=eyJ1c2VyX2lkIjo3MDEsInRlYW1faWQiOjQ4MSwiZmlsZV9pZCI6MjJ9.ZOkhpg.F2DxYPhOb4VLnlzCUl-veEQFmDg"
                ], 
                "hints": [
                    "-"
                ], 
                "id": 20, 
                "name": "Go2DaMoon", 
                "points": 300, 
                "service": "nc 64.227.131.98 30002", 
                "solves": 1
            }
        ], 
        "Reverse Engineering": [
            {
                "category": "Reverse Engineering", 
                "description": "Its 21st century, gone are the days when AliBaba shouted Open Sesame, now even AliBaba has a secure channel. How will the 40 thieves know the code now!!??", 
                "files": [
                    "/files/cd032a7df2421ad60124bb6914b8a50e/chall?token=eyJ1c2VyX2lkIjo3MDEsInRlYW1faWQiOjQ4MSwiZmlsZV9pZCI6MTV9.ZOkhpg.tbfmLeVQBxH3QY1BLxPCepLKTR0"
                ], 
                "hints": [
                    "-"
                ], 
                "id": 9, 
                "name": "Secure Oracle", 
                "points": 295, 
                "service": "nc 64.227.131.98 20000", 
                "solves": 2
            }, 
            {
                "category": "Reverse Engineering", 
                "description": "My teacher taught me some OOPs, so I wanted to get my hands dirty with it.", 
                "files": [
                    "/files/667273dc4f4fe4069941d82e77a650e4/chall?token=eyJ1c2VyX2lkIjo3MDEsInRlYW1faWQiOjQ4MSwiZmlsZV9pZCI6MTZ9.ZOkhpg.364120B3t32X0XmR56ncYCFpU-g"
                ], 
                "hints": [
                    "-"
                ], 
                "id": 10, 
                "name": "we did some trolling", 
                "points": 50, 
                "service": [], 
                "solves": 13
            }, 
            {
                "category": "Reverse Engineering", 
                "description": "Our agents asked around the blue teamers about any clues on how did the attackers maintained elevated permissions, and they were just as perplexed as we were. So our forensic experts asked them to monitor their usage from which they saw an unusually high amount of  activity of the su binary, could you help our experts with finding out whats wrong in it?\r\n\r\nPs:- Enclose the flag in the flag format `d4rkc0de{}`", 
                "files": [
                    "/files/a3a74d0c16502cc9f71630e44de303b7/su?token=eyJ1c2VyX2lkIjo3MDEsInRlYW1faWQiOjQ4MSwiZmlsZV9pZCI6MjB9.ZOkhpg.Xb0rPBcjKmgccv0bKJ_Wehn6AN0"
                ], 
                "hints": [
                    "-"
                ], 
                "id": 16, 
                "name": "As real world as it gets", 
                "points": 290, 
                "service": [], 
                "solves": 3
            }
        ], 
        "Web": [
            {
                "category": "Web", 
                "description": "I wanted to get an ECommerce Portal. A dev on Upwork said that he will build it using FastAPI in Python. I have read that Python is very slow, but he assured me that he can make python super fast using some tricks that he know.\r\nHonestly, I don't trust this guy. Can you test the site for any bugs or vulnerabilities? I will pay you for your time by giving you a free access to the admin lounge. Just give me the coupon code for that.\r\n\r\nFlag format: `d4rk{..}c0d3` / `d4rk{..}c0de`\r\nboth accepted", 
                "files": [], 
                "hints": [
                    "-"
                ], 
                "id": 22, 
                "name": "Faster FastAPI", 
                "points": 150, 
                "service": "http://64.227.131.98:40000/", 
                "solves": 81
            }, 
            {
                "category": "Web", 
                "description": "There is no way you can read the flag at `/app/flag.txt`", 
                "files": [
                    "/files/030930b9b72acb9392e59570aee6e6b9/chall.zip?token=eyJ1c2VyX2lkIjo3MDEsInRlYW1faWQiOjQ4MSwiZmlsZV9pZCI6MjV9.ZOkhpg.ajwO3m0NjtvsjC4fYug3tSug_qE"
                ], 
                "hints": [
                    "-"
                ], 
                "id": 27, 
                "name": "Unhackable Cloud Storage", 
                "points": 445, 
                "service": "http://64.227.131.98:40002/", 
                "solves": 12
            }, 
            {
                "category": "Web", 
                "description": "My friend said that if we create two APIs and make the public one act as a proxy of other it would be unhackable.\r\nI don't think so. Can you help me out with this?\r\n\r\nHere's Z endpoint monsieur", 
                "files": [
                    "/files/0bfb628b6e82969605c3911748b72826/secure-web-api.zip?token=eyJ1c2VyX2lkIjo3MDEsInRlYW1faWQiOjQ4MSwiZmlsZV9pZCI6MjN9.ZOkhpg.22qzvSDd7f5xyIyMuNfTuzjFG1s"
                ], 
                "hints": [
                    "-"
                ], 
                "id": 23, 
                "name": "Seven Proxies", 
                "points": 480, 
                "service": "http://64.227.131.98:40001/", 
                "solves": 5
            }
        ], 
        "crypto": [
            {
                "category": "crypto", 
                "description": "It takes a lot of skill and time to copy signatures, can you do it quickly!!??", 
                "files": [
                    "/files/f4a6ad01b3e10dc9b8737bbd6af6cb37/chall.py?token=eyJ1c2VyX2lkIjo3MDEsInRlYW1faWQiOjQ4MSwiZmlsZV9pZCI6Nn0.ZOkhpQ.kAAMgCdN2iDLGJVVNqt5M5tyaVY", 
                    "/files/c577ef9dbcfec5d2a1d1860228f58e7f/Dockerfile?token=eyJ1c2VyX2lkIjo3MDEsInRlYW1faWQiOjQ4MSwiZmlsZV9pZCI6N30.ZOkhpQ.PaUdVfc1Kilh97yGd8bLH-fdgn4", 
                    "/files/045677e0841725b4471ce98249cd86bf/runit?token=eyJ1c2VyX2lkIjo3MDEsInRlYW1faWQiOjQ4MSwiZmlsZV9pZCI6OH0.ZOkhpQ.Vk9uOT-DZEc4lTT5DEniPHCOzPo"
                ], 
                "hints": [
                    "-"
                ], 
                "id": 1, 
                "name": "PSA", 
                "points": 294, 
                "service": "nc 64.227.131.98 10000", 
                "solves": 4
            }, 
            {
                "category": "crypto", 
                "description": "I heard key rotation is a safe practice, how about rotating it around a random N dimensional axis", 
                "files": [
                    "/files/fe8e13fa0d4964a7cd0385e7e83083e1/flag_rotation.py?token=eyJ1c2VyX2lkIjo3MDEsInRlYW1faWQiOjQ4MSwiZmlsZV9pZCI6OX0.ZOkhpQ.ANzczkqHNRWoHmBZ_UDb4lGZ0Q0"
                ], 
                "hints": [
                    "-"
                ], 
                "id": 3, 
                "name": "Key Rotation", 
                "points": 50, 
                "service": "nc 64.227.131.98 10001", 
                "solves": 12
            }, 
            {
                "category": "crypto", 
                "description": "Do you like Linear Algebra?", 
                "files": [
                    "/files/9faca4180606eef07c0e49cc0fc0c019/chall.py?token=eyJ1c2VyX2lkIjo3MDEsInRlYW1faWQiOjQ4MSwiZmlsZV9pZCI6MTB9.ZOkhpg.G3HIocHfaB4hNBojTZxwZnLaQ4o", 
                    "/files/3257b754270eddab411852ef4d4fc68f/output.txt?token=eyJ1c2VyX2lkIjo3MDEsInRlYW1faWQiOjQ4MSwiZmlsZV9pZCI6MTF9.ZOkhpg.Sv5xwPfbaLC8-9qde7QcOympPbs"
                ], 
                "hints": [
                    "-"
                ], 
                "id": 4, 
                "name": "matrixia", 
                "points": 490, 
                "service": [], 
                "solves": 3
            }, 
            {
                "category": "crypto", 
                "description": "Factorizing large numbers is too easy, so I thought I'll just give you 1 of the factors", 
                "files": [
                    "/files/ac6afd195bce37d6975fcceb6f20c91d/chall.py?token=eyJ1c2VyX2lkIjo3MDEsInRlYW1faWQiOjQ4MSwiZmlsZV9pZCI6MTJ9.ZOkhpQ.byzwiLYYqG2kQed2OrOBmTVddRg", 
                    "/files/78203d4bca037067a41a8cead8dbc7a0/output.txt?token=eyJ1c2VyX2lkIjo3MDEsInRlYW1faWQiOjQ4MSwiZmlsZV9pZCI6MTN9.ZOkhpQ.bYvuBTCKYMkaeistR8bkYGNyYUs"
                ], 
                "hints": [
                    "-"
                ], 
                "id": 5, 
                "name": "thepassw902jtxjuo90tj", 
                "points": 20, 
                "service": [], 
                "solves": 18
            }, 
            {
                "category": "crypto", 
                "description": "You really thought , there will no be no LCG in the CTF", 
                "files": [
                    "/files/4b60473610937b85df10fbfbe337af86/chal.py?token=eyJ1c2VyX2lkIjo3MDEsInRlYW1faWQiOjQ4MSwiZmlsZV9pZCI6MTd9.ZOkhpg.etSZjVW_gM2laS4kmKZVgSWgaPQ", 
                    "/files/e5441597c22344d5e85b7e525f55b7fa/out.txt?token=eyJ1c2VyX2lkIjo3MDEsInRlYW1faWQiOjQ4MSwiZmlsZV9pZCI6MTh9.ZOkhpg.uIHCoeCmHKRhY7F-1BhVNFU9cY4"
                ], 
                "hints": [
                    "-"
                ], 
                "id": 12, 
                "name": "Easy Lcg", 
                "points": 300, 
                "service": [], 
                "solves": 0
            }, 
            {
                "category": "crypto", 
                "description": "In a world where AI and quantum computing join forces, threatening a dystopian future, a new hope emerges. This secret channel is our last chance to uncover the AI's schemes. Your mission:  retrieve the secrets of AI, put humanity one step ahead.\r\n\r\nAuthor: `bl4ckc4t_2`  \r\nFlag format: `d4rk{..}c0de`", 
                "files": [
                    "/files/b31d10804bdf077f86f9c76801dced4d/public_hoppenheimer.zip?token=eyJ1c2VyX2lkIjo3MDEsInRlYW1faWQiOjQ4MSwiZmlsZV9pZCI6MjR9.ZOkhpg.IYvQecC3pwy5tSfSU0THU5le4-M"
                ], 
                "hints": [
                    "-"
                ], 
                "id": 25, 
                "name": "Hoppenheimer", 
                "points": 700, 
                "service": "nc 64.227.131.98 10002", 
                "solves": 0
            }
        ], 
        "sanity": [
            {
                "category": "sanity", 
                "description": "Are you sane? The just submit anything inside d4rkc0de{} or d4rk{}c0de\r\n\r\nHere's the discord link: https://discord.gg/btAU8B9BWM", 
                "files": [], 
                "hints": [
                    "-"
                ], 
                "id": 26, 
                "name": "SANITY CHECK", 
                "points": 1, 
                "service": [], 
                "solves": 173
            }
        ]
    }, 
    "title": "h4ckc0n", 
    "url": "https://hackcon.in"
}