<include>
  <!--the domain or ip (the right hand side of the @ in the addr-->
  <domain name="$${domain}">
    <params>
      <param name="dial-string" value="{^^:sip_invite_domain=${dialed_domain}:presence_id=${dialed_user}@${dialed_domain}}${sofia_contact(*/${dialed_user}@${dialed_domain})},${verto_contact(${dialed_user}@${dialed_domain})}"/>
    </params>
    <variables>
      <variable name="default_gateway" value="$${default_provider}"/>
      <variable name="default_areacode" value="$${default_areacode}"/>
      <variable name="transfer_fallback_extension" value="operator"/>
    </variables>

    <groups>
      <group name="default">
        <users>
          <X-PRE-PROCESS cmd="include" data="default/*.xml"/>
        </users>
      </group>
    </groups>
  </domain>
</include>
