<include>
  <user id="guest7">
    <params>
      <param name="password" value="guest7"/>
    </params>
    <variables>
      <variable name="toll_allow" value="domestic,international,local"/>
      <variable name="accountcode" value="1000"/>
      <variable name="user_context" value="default"/>
      <variable name="effective_caller_id_name" value="Extension 1000"/>
      <variable name="effective_caller_id_number" value="1000"/>
      <variable name="outbound_caller_id_name" value="$${outbound_caller_name}"/>
      <variable name="outbound_caller_id_number" value="$${outbound_caller_id}"/>
      <variable name="callgroup" value="techsupport"/>
    </variables>
  </user>
</include>