{
	"message": "ok",
	"data": [
		{
			"id": 24,
			"name": "Cryptic",
			"category": "pwn",
			"author": "z__ran",
			"description": "A lot of weird pwn challs lately, let's stick to the stack for now.\n-\n\nHint 1: If you're only getting part of the flag, your leak is too short. You should try leaking further.\n\n-\nnc 103.181.183.216 17001",
			"attachment": "https://drive.google.com/drive/folders/1XmZBws-vSq2ut67BDPwoKkAVHr0h3VQs?usp=sharing"
		},
		{
			"id": 23,
			"name": "Absen",
			"category": "pwn",
			"author": "yqroo",
			"description": "hint : did u see any memory address in memory address why don't just point it to another memory address, and hipiti hopiti win\n-\nnc 103.181.183.216 17000",
			"attachment": "https://drive.google.com/uc?export=download&id=1LOP1EQlfPJ1sT2lS2J2RFMOMqEgbq0Z7"
		},
		{
			"id": 15,
			"name": "Reverse RSA",
			"category": "cry",
			"author": "kiaraa09",
			"description": "Zantos was too bored with plain RSA so he tried create a cipher by reversing the RSA. is it secure??\n-\nHint : LLL is one of many way to recover random key",
			"attachment": "https://drive.google.com/uc?export=download&id=1RlDzprIw10U7_tLojmPRO6i5v3qsjMsX"
		},
		{
			"id": 20,
			"name": "Peninggalan Mas Denu",
			"category": "mis",
			"author": "ln y",
			"description": "Mas Denu adalah mentor Yudo yang sudah lama hilang. Beliau menghilang setelah berpergian ke kota Erdogan untuk mencari vaksin Yandex-69. Saat mengerjakan laprak, Yudo teringat kata-kata terakhir Mas Denu sebelum menghilang, \"jika kamu ingin mengetahui rahasia untuk menjuarai ICPC, jawabannya ada pada soal <problem.HAHA> dengan input berupa <testcase69.txt> yang dijalankan pada program <decrypt_program.cpp>. Namun, karena teman Yudo yang bernama Visco Vernandez merasa iri karena tidak bisa menyelesaikan soal tersebut, dia melakukan \"sesuatu\" kepada soal yang diberikan Mas Denu.",
			"attachment": "https://drive.google.com/uc?export=download&id=1v96EjlACUPo2bAsmQT5OQr6u9ly4DuET"
		},
		{
			"id": 17,
			"name": "Invisible",
			"category": "for",
			"author": "z__ran",
			"description": "I could've sworn I saw something, or maybe not...\n-\nHint 1: these black and white pixels...they grew...?\nHint 2: jadi seharusnya ada hint di file zip nya, tapi kuulangi aja disini, \"look very closely near the third part, i swear i saw something\"\n\nHint 1.1: like I said, black = 0, white = 1\nHint 2.1: after part 3/4, try using https://stegonline.georgeom.net/upload to get the hint to part 4/4 (atau bisa ngedukun aja sih gaperlu hintnya)\n\nHint 3: unicode\n-",
			"attachment": "https://drive.google.com/uc?export=download&id=104dC2o0WNXBqLMNaHm9AMs0nCoFhLJOu"
		},
		{
			"id": 11,
			"name": "Link Rahasia",
			"category": "rev",
			"author": "compe_",
			"description": "jangan sampai salah link yah :>\n---\nHINT 1: Did you notice that the 'checker' actually got checked?\nHINT 2: Confused about the algorithm? Try using the 'theorem prover'!",
			"attachment": "https://drive.google.com/uc?export=download&id=181_h8v6OR8nOs14jZ8m3T9FR1EApt3Cy"
		},
		{
			"id": 18,
			"name": "dummy",
			"category": "for",
			"author": "arai",
			"description": "SOC team noticed a strange activity in which a file was being shared within our system. For safety reason, forensic team dumped the virtualization memory to analyze the file further. However, it turned out to be just a message that was shared by nobody, but maybe you still need to see that message. \n-\npassword: https://pastebin.com/nKbPGB79\nHINT1: vola3\nHINT2: maybe you can use basic file carving and extractor \ngaming\nHINT3: this is linux memdump,  and it is highly recommended to build a profile beforehand",
			"attachment": "https://mega.nz/file/jdYgVaYb#UildAghTAEt7K8bcZzGFYnIsHKF_Qc4WebUQ_t3HRZ8"
		},
		{
			"id": 14,
			"name": "Lo Lo Lo Gak Bahaya Ta?",
			"category": "cry",
			"author": "ZafiN",
			"description": "Bahaya Gak Sih?.\n\nHint : Is private key vector is the shortest basis? ",
			"attachment": "https://drive.google.com/uc?export=download&id=1z9lb_07wQJ6LHY5vufqM3p5VY6pKaHfV"
		},
		{
			"id": 16,
			"name": "Doodled",
			"category": "for",
			"author": "kelapacuyy",
			"description": "Oh no! My cousin Gio Ferdiansyah has scribbled all over my stuff! Almost everything is covered with his doodles, including an important QR code, making it unreadable. Can you help me retrieve the lost information?",
			"attachment": "https://drive.google.com/uc?export=download&id=1PnJXzwNQykEMxOcv4VEH_VZTAUCRMZaH"
		},
		{
			"id": 8,
			"name": "Initial Point",
			"category": "osint",
			"author": "kelapacuyy",
			"description": "Description\n\nA young child named Khawf has mysteriously gone missing somewhere near a bus stop. I managed to get a snippet of security camera footage capturing his last sighting before the connection unexpectedly dropped. Can you help me find the street name, postal code, and the name of the company responsible for the surveillance, which will allow me to retrieve the complete footage and hopefully find Khawf.\n\n\nFlag format : hacktoday{Street Name_Postal Code_Company Name}\n\nP.S. write everything in latin alphabet",
			"attachment": "https://mega.nz/file/hik3UCBR#urCyGfMdxo2HOBEFee4fXAJ5TRH_fGYMG-FgXT4PJgQ"
		},
		{
			"id": 26,
			"name": "LogInspek",
			"category": "web",
			"author": "encryptedscripts",
			"description": "Mr. Robot trying to get his revenge to a hacker website and need to login as an admin, but seems like there is no backend? well we dont know. Thats why Mr. Robot asked John the Inspector to help him to get the flag.\n\nhttps://loginspek.netlify.app/",
			"attachment": "https://loginspek.netlify.app/"
		},
		{
			"id": 13,
			"name": "AES Enjoyer",
			"category": "cry",
			"author": "kiaraa09",
			"description": "Legenda mengatakan, \"CTF gak afdhol kalo di crypto gak ada aes-nya\"\n\nnc 103.181.183.216 18002",
			"attachment": "https://drive.google.com/uc?export=download&id=14C976J14Aplksp3TDqcee29PTWeM8rYS"
		},
		{
			"id": 12,
			"name": "OnlyAdminCanSee",
			"category": "rev",
			"author": "encryptedscripts",
			"description": "my friend sent a file to me and he asked me to hack an application that Mr. John can login. Can you help me reversing it so im able to see what is inside? Help him to login to the app",
			"attachment": "https://drive.google.com/uc?export=download&id=1Kn8kHynyqmnWJkJWPNkbEOA8B5hsZqiU"
		},
		{
			"id": 10,
			"name": "MUA",
			"category": "osint",
			"author": "glitchgoo",
			"description": "Aku akhir-akhir ini sangat suka sekali make up >< aku juga menyukai salah satu make up artist asal korea. AH!! aku lupa namanya, tapi dia adalah orang yang ada di gambar ini. Aku sangat menyukai make up hasilnya. Selain jago make up dia juga jago menggambar. Aku meninggalkan komentar beberapa hari yang lalu untuk menyemangatinya di salah satu video di channel youtubenya. Video itu berisi vlog dia sedang menggambar.",
			"attachment": "https://drive.google.com/drive/u/0/folders/1xbu4MeedX52g4luMbzrVuHP4XHAkpXgf"
		},
		{
			"id": 21,
			"name": "Unknown Cipher",
			"category": "mis,cry",
			"author": "kiaraa09",
			"description": "Unknown Description\n\nnc 103.181.183.216 19000",
			"attachment": ""
		},
		{
			"id": 41,
			"name": "booktoday",
			"category": "web",
			"author": "compe_",
			"description": "Welcome to the bookshop of choice for all literature enthusiasts! Explore our comprehensive collection that spans various genres and renowned authors, offering everything from affordable books to exclusive and premium editions.\n---\nHINT: Users will not be able to download books that have not been purchased because the button will not appear B). (very safe)\n\n103.181.183.216:16005",
			"attachment": ""
		},
		{
			"id": 33,
			"name": "kurang-lebih+",
			"category": "rev",
			"author": "yqroo",
			"description": "siapa yang benci soal beranak??, well here we go\n-\nHINT : If something goes wrong why don't just debug it ^-^\n-\nNOTE : hacktoday{String  yang ditemukan}",
			"attachment": "https://drive.google.com/uc?export=download&id=1cf3211KcUOY4z3KGlDth1Ss2Y5X5l1U3"
		},
		{
			"id": 39,
			"name": "png x jpg",
			"category": "for",
			"author": "z__ran",
			"description": "This png does not have any ancillary chunks, good luck!",
			"attachment": "https://drive.google.com/uc?export=download&id=1qmlGPD-u1MswIMipJadS0m8hDHreg7Ek"
		},
		{
			"id": 34,
			"name": "celestial carnival",
			"category": "osint",
			"author": "kelapacuyy",
			"description": "in a whimsical dance, confetti elephants joyfully paraded through cotton candy clouds.\n-\nHint 1: look through the account details, you might find something useful\n-\nHint 2: watch closely for the capitalized words, I think they can refer to something...\n-\nHint 3: wait, did she say something about a city? and social media?",
			"attachment": ""
		},
		{
			"id": 37,
			"name": "Spam",
			"category": "cry",
			"author": "bims_kuy",
			"description": "Today is your birthday, your friends send you a file that has password on it. They said the password will be send from fake email. But because of your birthday, many people send you an email. Here's what you got on email.\n\nnc 103.181.183.216 18001",
			"attachment": "https://drive.google.com/uc?export=download&id=10fQNcGPsMxy1kgfKdysSoMMhnblsxNsy"
		},
		{
			"id": 40,
			"name": "Codebin-JS",
			"category": "web",
			"author": "encryptedscripts",
			"description": "CodeBin is a mini pastebin-like web application that allows users to post and share their code snippets with others who have registered on the site. It provides a platform for developers to easily share and discover code examples, collaborate, and learn from each other. A hacker named Paul just found the website is having vulnerability that allow users to access the admin page. He told the developer about this but he don't want to tell the way. The developer hired a pentester to find out how to get access as admin to the page, help the developer to find out!\n\nHint: The hacker got a message from Mr. X-Mark. Mr. X-Mark said, \"It looks like Pico's Cookie but not a cookie, admin and users login only one and no admin account\"\n\nhttp://103.181.183.216:16003/",
			"attachment": ""
		},
		{
			"id": 35,
			"name": "DCHEZKIBOXS",
			"category": "mis",
			"author": "anro128",
			"description": "Kali ini Pak Masse menemukan sebuah port aneh yang berisi kalimat rahasia. Untuk melihat kalimat tersebut ia diminta memasukan password berupa Substring terpajang pertama dari string yang diberikan port tersebut yang merupakan \"kata DCHEZKIBOXS\". Sebuah string dikatakan \"kata DCHEZKIBOXS\" jika dan hanya jika string tersebut dibelah dua secara horizontal kedua bagian string (atas dan bawah) akan membentuk bagian yang seimbang dan dapat dibentuk menjadi sama persis jika beberapa bagiannya dirotasi. Contoh: \"CHECK\" merupakan salah satu \"kata DCHEZKIBOXS\" karena ketika belah dua kedua bagian akan membentuk bagian yang seimbang. visualisasi contoh dapat dilihat di bagian \"attachement\". Karena string yang diberikan sangat panjang, untuk menemukan passwordnya Pak Masse menggeser-geser jendela ruangannya atau memainkan dua buah pointer miliknya untuk mendapatkan berbagai inspirasi.\n\nnc 103.181.183.216 19001",
			"attachment": "https://drive.google.com/uc?export=download&id=1FhlBfwibXF8uJkiJmkVMX52HLjEins0C"
		},
		{
			"id": 46,
			"name": "ln-ehe-y",
			"category": "cry,mis",
			"author": "ln y",
			"description": "Pada suatu hari, ada seorang anak yang sedang berkendara menggunakan motor. Ketika dia sedang...\n\ndahlah males ngarang cerita kerjain ajh pokoknya (^_^)\n\nhint: udah ada 3 hint, cek di discord ajah hintnya sudah aku up\n\nnc 103.181.183.216 18008",
			"attachment": "https://drive.google.com/uc?export=download&id=1QiNd2QegxDR34yyc-XoRfuBktwlvTxF7"
		},
		{
			"id": 44,
			"name": "Welcome (again)",
			"category": "mis,osint,rev,pwn,cry,for,web",
			"author": "M.A.R.U",
			"description": "check out the discord",
			"attachment": ""
		},
		{
			"id": 32,
			"name": "Where is my git?",
			"category": "mis",
			"author": "jedi",
			"description": "I just playing around with git command, and suddenly, my flag (i mean, my git) is disappear. Can you find it for me?",
			"attachment": "https://drive.google.com/uc?export=download&id=1NWxbz-Sfu1-Zu-NmKQknIfncXY2LQgEv"
		},
		{
			"id": 9,
			"name": "Kuala Lumpur",
			"category": "osint",
			"author": "ghifar",
			"description": "Beberapa tahun yang lalu, aku pergi ke Kuala Lumpur. Suatu sore di sana, aku naik LRT satu kali dari KL Sentral untuk menuju ke sebuah kawasan di KL. Sekeluarnya aku dari stasiun tujuanku, aku dapat melihat menara kembar Petronas dengan jelas, karena memang letak kawasan ini dekat dengan KLCC. Namun setelah itu, aku berbalik arah menuju utara dan menemukan semacam pasar malam yang menjual berbagai street food khas Malaysia. Aku melanjutkan perjalananku ke arah barat dan utara dan akhirnya sampai di suatu Masjid Jamek.\n-\nKetika berada di masjid, aku memotret sebuah gambar yang merupakan menara utama masjid. Saat itu merupakan waktu menjelang matahari terbenam dan rupanya, aku juga memotret sebuah benda langit yang berupa sebuah titik putih dan letaknya ada di samping menara. Oh iya, satu hal yang kuingat, ketiga tempat yang kusebutkan di atas (stasiun, pasar malam, dan masjid jamek), semuanya memiliki nama yang sama dengan nama kawasan tersebut.\n-\nHINT: google \"star position tool\"",
			"attachment": "https://drive.google.com/drive/folders/1J18SQqHYb3xH_eFmeI6am6M7CPbgnzqQ?usp=sharing"
		},
		{
			"id": 31,
			"name": "Nyicil",
			"category": "rev",
			"author": "anro128",
			"description": "Nyicil dulu, nanti juga lunas\n-\nHint: cicilan sangatlah penting",
			"attachment": "https://drive.google.com/uc?export=download&id=1lRe9NuiMKiyY7ZI8zkapADS3-aGmjQON"
		},
		{
			"id": 47,
			"name": "TahuBulat",
			"category": "pwn",
			"author": "ZafiN",
			"description": "Dadakan\n-\nnc 103.181.183.216 17005\n-\nHint : overwrite GOT?",
			"attachment": "https://drive.google.com/uc?export=download&id=1VGBshi5xeEveg0baVtEpm3iTHGTX9DwK"
		},
		{
			"id": 30,
			"name": "Vnote",
			"category": "pwn",
			"author": "luqman",
			"description": "cpP enjoyer\n\nnc 103.181.183.216 17002",
			"attachment": "https://drive.google.com/uc?export=download&id=1wWTWI4wpws38urBohpNmBMatqIX7DI1M"
		},
		{
			"id": 45,
			"name": "Simulasi UTBK",
			"category": "mis",
			"author": "kiaraa09",
			"description": "Mari gan yang kangen atau mau UTBK bisa kerjain soal saya\n\nnc 103.181.183.216 19003",
			"attachment": ""
		},
		{
			"id": 27,
			"name": "converter",
			"category": "web",
			"author": "arai",
			"description": "Welcome to our delightful conversion tool designed to make your multimedia experience even better! Introducing a friendly and efficient converter that brings a smile to your face as it effortlessly transforms your MP4 files into vibrant MP3 audio tracks. Say goodbye to complexity and hello to simplicity as you embark on a journey of seamless file conversion. Let this cheerful converter be your companion in creating musical magic because converting has never been this enjoyable!\n-\nhttp://103.181.183.216:16006/",
			"attachment": "https://mega.nz/file/DNwg1YxZ#7yO9IAFYPi2jvy3u0AswX6FuW5XZxafLxqJO610lsVo"
		},
		{
			"id": 36,
			"name": "DejaVu",
			"category": "cry",
			"author": "patsac",
			"description": "have you ever seen LCG used as key generator in stream cipher? if you haven't, this is the time.\n-\nhttps://youtu.be/oigcRpBOoZk\n-\nnc 103.181.183.216 18000\n-\nhint :\n+ did u have enough sleep?\n+ n = getPrime(105)",
			"attachment": "https://drive.google.com/uc?export=download&id=1ze6DuayWA2pMbKQl4-ObBJXQ6EkNS-43"
		},
		{
			"id": 38,
			"name": "yesterday-afternoon-kidz",
			"category": "for",
			"author": "arai",
			"description": "Our live proxy has detected hacking activity in our logs; analyze the log file to find out what data the hacker retrieved",
			"attachment": "https://drive.google.com/uc?export=download&id=1rpDhgsnsBwRsi_McoRyuw6ZBI0BpKx80"
		},
		{
			"id": 43,
			"name": "Land Of The Snakes",
			"category": "mis",
			"author": "patsac",
			"description": "Basic calculator.\n-\nhttps://youtu.be/Jhbj4jaJSu8\n-\nnc 103.181.183.216 19002\n-\nhint :\n+ i think we need to eliminate some bothering functions. but how?\n+ something new in python3.8 might help.",
			"attachment": "https://drive.google.com/uc?export=download&id=1cA4T3fQWCjyujxQUrnx5dkgojkoQKedQ"
		},
		{
			"id": 49,
			"name": "Gacorr flag gen",
			"category": "rev",
			"author": "encryptedscriptss",
			"description": "My friend Yudo just have sent me a flag generator but i saw something sus. He said the flag generator can makes you defeat the boss and get the enemies flag.",
			"attachment": "https://cdn.discordapp.com/attachments/1025767334901727363/1144896202240954428/FlagGen.exe"
		},
		{
			"id": 48,
			"name": "curel",
			"category": "web",
			"author": "linz",
			"description": "link chall: http://103.181.183.216/\nlink bot: http://103.181.183.216:16009",
			"attachment": "https://mega.nz/file/3BoDSQ7L#f_zQw1gXTAcKgUMZyinRur2uCGIEqnkRMbFUHIQbrQo"
		},
		{
			"id": 29,
			"name": "Rangkaian Digital",
			"category": "pwn",
			"author": "z__ran",
			"description": "Selamat datang di pertemuan mata kuliah Rangkaian Digital! Materi hari ini adalah bilangan biner!\n-\nHint 1: These leave instructions are so annoying man.... But I maybe able to use it to my advantage with that 2 byte overflow. Let me just teleport the stack around first to assemble my rop chain.\n\nHint 2: this should help bypass cool_thing2 and cool_thing3 https://baseconvert.com/ieee-754-floating-point\n\nHint 3: stack pivot ke akhir bss -> pake cool_thing2 buat nyusun ropchain -> pindahin rbp buat leak libc pake cool_thing3 -> pake got strstr buat gadget leave biar pivot ke bss lagi dan one_gadget deh ato ngga ret2syscall\n-\nnc 103.181.183.216 17003",
			"attachment": "https://drive.google.com/drive/folders/1yhDbtSG5QEcHZWw2WPzsih34x4R1mKb4?usp=sharing"
		}
	],
	"title": "HackToday 2023",
	"url": "https://hacktoday.ittoday.id/"
}